[
{ "label": "Buchan", "postcode": "3885", "full_name": "Buchan, Victoria, Australia", "location_id": "6447803", "priority": 10, "region": "East Gippsland" },
{ "label": "Cape Paterson", "postcode": "3995", "full_name": "Cape Paterson, Victoria, Australia", "location_id": "6048390", "priority": 10, "region": "Baw Baw" },
{ "label": "Fish Creek", "postcode": "3959", "full_name": "Fish Creek, Victoria, Australia", "location_id": "10537539", "priority": 10, "region": "Bass Coast" },
{ "label": "Kardella", "postcode": "3951", "full_name": "Kardella, Victoria, Australia", "location_id": "30121105", "priority": 10, "region": "Bass Coast" },
{ "label": "Koonwarra", "postcode": "3954", "full_name": "Koonwarra, Victoria, Australia", "location_id": "8865627", "priority": 10, "region": "Bass Coast" },
{ "label": "Korumburra", "postcode": "3950", "full_name": "Korumburra, Victoria, Australia", "location_id": "3564968", "priority": 10, "region": "Bass Coast" },
{ "label": "Longwarry", "postcode": "3816", "full_name": "Longwarry, Victoria, Australia", "location_id": "5729599", "priority": 10, "region": "Baw Baw" },
{ "label": "Maffra", "postcode": "3860", "full_name": "Maffra, Victoria, Australia", "location_id": "4385358", "priority": 10, "region": "Wellington" },
{ "label": "Meeniyan", "postcode": "3956", "full_name": "Meeniyan, Victoria, Australia", "location_id": "9674794", "priority": 10, "region": "Bass Coast" },
{ "label": "Mirboo North", "postcode": "3871", "full_name": "Mirboo North, Victoria, Australia", "location_id": "18033425", "priority": 10, "region": "Bass Coast" },
{ "label": "Omeo", "postcode": "3898", "full_name": "Omeo, Victoria, Australia", "location_id": "12495536", "priority": 10, "region": "East Gippsland" },
{ "label": "Venus Bay", "postcode": "3956", "full_name": "Venus Bay, Victoria, Australia", "location_id": "17082208", "priority": 10, "region": "South Gippsland" },
{ "label": "Yarram", "postcode": "3971", "full_name": "Yarram, Victoria, Australia", "location_id": "", "priority": 10, "region": "Wellington" },
{ "label": "Heyfield", "postcode": "3858", "full_name": "Heyfield, Victoria, Australia", "location_id": "", "priority": 9, "region": "Wellington" },
{ "label": "Stratford", "postcode": "3862", "full_name": "Stratford, Victoria, Australia", "location_id": "", "priority": 8, "region": "Wellington" },
{ "label": "Trafalgar", "postcode": "3824", "full_name": "Trafalgar, Victoria, Australia", "location_id": "", "priority": 8, "region": "Baw Baw" },
{ "label": "Newborough", "postcode": "3825", "full_name": "Newborough, Victoria, Australia", "location_id": "", "priority": 7, "region": "Latrobe Valley" },
{ "label": "Rosedale", "postcode": "3847", "full_name": "Rosedale, Victoria, Australia", "location_id": "", "priority": 7, "region": "Wellington" },
{ "label": "Drouin", "postcode": "3818", "full_name": "Drouin, Victoria, Australia", "location_id": "", "priority": 5, "region": "Baw Baw" },
{ "label": "Lakes Entrance", "postcode": "3909", "full_name": "Lakes Entrance, Victoria, Australia", "location_id": "", "priority": 5, "region": "East Gippsland" },
{ "label": "Leongatha", "postcode": "3953", "full_name": "Leongatha, Victoria, Australia", "location_id": "", "priority": 5, "region": "South Gippsland" },
{ "label": "Moe", "postcode": "3825", "full_name": "Moe, Victoria, Australia", "location_id": "", "priority": 5, "region": "Latrobe Valley" },
{ "label": "Morwell", "postcode": "3840", "full_name": "Morwell, Victoria, Australia", "location_id": "", "priority": 5, "region": "Latrobe Valley" },
{ "label": "Paynesville", "postcode": "3880", "full_name": "Paynesville, Victoria, Australia", "location_id": "1512211", "priority": 5, "region": "East Gippsland" },
{ "label": "Yarragon", "postcode": "3823", "full_name": "Yarragon, Victoria, Australia", "location_id": "4306997", "priority": 5, "region": "Baw Baw" },
{ "label": "Sale", "postcode": "3853", "full_name": "Sale, Victoria, Australia", "location_id": "1145182", "priority": 4, "region": "Wellington" },
{ "label": "Bairnsdale", "postcode": "3875", "full_name": "Bairnsdale, Victoria, Australia", "location_id": "3551712", "priority": 3, "region": "East Gippsland" },
{ "label": "Warragul", "postcode": "3820", "full_name": "Warragul, Victoria, Australia", "location_id": "1612567", "priority": 3, "region": "Baw Baw" },
{ "label": "Wonthaggi", "postcode": "3995", "full_name": "Wonthaggi, Victoria, Australia", "location_id": "1032230", "priority": 3, "region": "Bass Coast" },
{ "label": "Inverloch", "postcode": "3996", "full_name": "Inverloch, Victoria, Australia", "location_id": "7272827", "priority": 2, "region": "Bass Coast" },
{ "label": "Traralgon", "postcode": "3844", "full_name": "Traralgon, Victoria, Australia", "location_id": "1851766", "priority": 2, "region": "Latrobe Valley" },
{ "label": "Aberfeldy", "postcode": "3825", "full_name": "Aberfeldy, Victoria, Australia", "location_id": "5782791", "priority": 0, "region": "Baw Baw" },
{ "label": "Ada", "postcode": "3833", "full_name": "Ada, Victoria, Australia", "location_id": "10532866", "priority": 0, "region": "Baw Baw" },
{ "label": "Agnes", "postcode": "3962", "full_name": "Agnes, Victoria, Australia", "location_id": "10570988", "priority": 0, "region": "South Gippsland" },
{ "label": "Airly", "postcode": "3851", "full_name": "Airly, Victoria, Australia", "location_id": "19261951", "priority": 0, "region": "Wellington" },
{ "label": "Alberton", "postcode": "3971", "full_name": "Alberton, Victoria, Australia", "location_id": "3660520", "priority": 0, "region": "Wellington" },
{ "label": "Alberton West", "postcode": "3971", "full_name": "Alberton West, Victoria, Australia", "location_id": "3660521", "priority": 0, "region": "Wellington" },
{ "label": "Allambee", "postcode": "3823", "full_name": "Allambee, Victoria, Australia", "location_id": "", "priority": 0, "region": "Baw Baw" },
{ "label": "Allambee Reserve", "postcode": "3871", "full_name": "Allambee Reserve, Victoria, Australia", "location_id": "", "priority": 0, "region": "Bass Coast" },
{ "label": "Allambee South", "postcode": "3871", "full_name": "Allambee South, Victoria, Australia", "location_id": "", "priority": 0, "region": "South Gippsland" },
{ "label": "Amor", "postcode": "3825", "full_name": "Amor, Victoria, Australia", "location_id": "", "priority": 0, "region": "Baw Baw" },
{ "label": "Anglers Rest", "postcode": "3898", "full_name": "Anglers Rest, Victoria, Australia", "location_id": "", "priority": 0, "region": "East Gippsland" },
{ "label": "Arawata", "postcode": "3951", "full_name": "Arawata, Victoria, Australia", "location_id": "", "priority": 0, "region": "South Gippsland" },
{ "label": "Arbuckle", "postcode": "3858", "full_name": "Arbuckle, Victoria, Australia", "location_id": "", "priority": 0, "region": "Wellington" },
{ "label": "Athlone", "postcode": "3818", "full_name": "Athlone, Victoria, Australia", "location_id": "", "priority": 0, "region": "Baw Baw" },
{ "label": "Balook", "postcode": "3971", "full_name": "Balook, Victoria, Australia", "location_id": "", "priority": 0, "region": "Wellington" },
{ "label": "Banksia Peninsula", "postcode": "3875", "full_name": "Banksia Peninsula, Victoria, Australia", "location_id": "", "priority": 0, "region": "East Gippsland" },
{ "label": "Baromi", "postcode": "3871", "full_name": "Baromi, Victoria, Australia", "location_id": "", "priority": 0, "region": "South Gippsland" },
{ "label": "Baw Baw", "postcode": "3833", "full_name": "Baw Baw, Victoria, Australia", "location_id": "", "priority": 0, "region": "Baw Baw" },
{ "label": "Bellbird Creek", "postcode": "3889", "full_name": "Bellbird Creek, Victoria, Australia", "location_id": "", "priority": 0, "region": "East Gippsland" },
{ "label": "Bemm River", "postcode": "3889", "full_name": "Bemm River, Victoria, Australia", "location_id": "", "priority": 0, "region": "East Gippsland" },
{ "label": "Bena", "postcode": "3946", "full_name": "Bena, Victoria, Australia", "location_id": "", "priority": 0, "region": "Bass Coast" },
{ "label": "Benambra", "postcode": "3900", "full_name": "Benambra, Victoria, Australia", "location_id": "", "priority": 0, "region": "East Gippsland" },
{ "label": "Bendoc", "postcode": "3888", "full_name": "Bendoc, Victoria, Australia", "location_id": "", "priority": 0, "region": "East Gippsland" },
{ "label": "Bengworden", "postcode": "3875", "full_name": "Bengworden, Victoria, Australia", "location_id": "", "priority": 0, "region": "East Gippsland" },
{ "label": "Bennison", "postcode": "3960", "full_name": "Bennison, Victoria, Australia", "location_id": "", "priority": 0, "region": "Bass Coast" },
{ "label": "Berrys Creek", "postcode": "3953", "full_name": "Berrys Creek, Victoria, Australia", "location_id": "", "priority": 0, "region": "Bass Coast" },
{ "label": "Bete Bolong", "postcode": "3888", "full_name": "Bete Bolong, Victoria, Australia", "location_id": "", "priority": 0, "region": "East Gippsland" },
{ "label": "Bete Bolong North", "postcode": "3888", "full_name": "Bete Bolong North, Victoria, Australia", "location_id": "", "priority": 0, "region": "East Gippsland" },
{ "label": "Billabong", "postcode": "3858", "full_name": "Billabong, Victoria, Australia", "location_id": "", "priority": 0, "region": "Wellington" },
{ "label": "Bindi", "postcode": "3896", "full_name": "Bindi, Victoria, Australia", "location_id": "", "priority": 0, "region": "East Gippsland" },
{ "label": "Binginwarri", "postcode": "3966", "full_name": "Binginwarri, Victoria, Australia", "location_id": "", "priority": 0, "region": "Bass Coast" },
{ "label": "Bingo Munjie", "postcode": "3898", "full_name": "Bingo Munjie, Victoria, Australia", "location_id": "", "priority": 0, "region": "East Gippsland" },
{ "label": "Blackwarry", "postcode": "3844", "full_name": "Blackwarry, Victoria, Australia", "location_id": "", "priority": 0, "region": "Wellington" },
{ "label": "Boisdale", "postcode": "3860", "full_name": "Boisdale, Victoria, Australia", "location_id": "", "priority": 0, "region": "Wellington" },
{ "label": "Bona Vista", "postcode": "3820", "full_name": "Bona Vista, Victoria, Australia", "location_id": "", "priority": 0, "region": "Baw Baw" },
{ "label": "Bonang", "postcode": "3888", "full_name": "Bonang, Victoria, Australia", "location_id": "", "priority": 0, "region": "East Gippsland" },
{ "label": "Boola", "postcode": "3825", "full_name": "Boola, Victoria, Australia", "location_id": "", "priority": 0, "region": "Latrobe Valley" },
{ "label": "Boolarong", "postcode": "3960", "full_name": "Boolarong, Victoria, Australia", "location_id": "", "priority": 0, "region": "Bass Coast" },
{ "label": "Boolarra", "postcode": "3870", "full_name": "Boolarra, Victoria, Australia", "location_id": "", "priority": 0, "region": "Latrobe Valley" },
{ "label": "Boolarra South", "postcode": "3870", "full_name": "Boolarra South, Victoria, Australia", "location_id": "", "priority": 0, "region": "Latrobe Valley" },
{ "label": "Boole Poole", "postcode": "3880", "full_name": "Boole Poole, Victoria, Australia", "location_id": "", "priority": 0, "region": "East Gippsland" },
{ "label": "Boorool", "postcode": "3953", "full_name": "Boorool, Victoria, Australia", "location_id": "", "priority": 0, "region": "Bass Coast" },
{ "label": "Brandy Creek", "postcode": "3821", "full_name": "Brandy Creek, Victoria, Australia", "location_id": "", "priority": 0, "region": "Baw Baw" },
{ "label": "Bravington", "postcode": "3821", "full_name": "Bravington, Victoria, Australia", "location_id": "", "priority": 0, "region": "Baw Baw" },
{ "label": "Briagolong", "postcode": "3860", "full_name": "Briagolong, Victoria, Australia", "location_id": "", "priority": 0, "region": "Wellington" },
{ "label": "Broadlands", "postcode": "3875", "full_name": "Broadlands, Victoria, Australia", "location_id": "", "priority": 0, "region": "East Gippsland" },
{ "label": "Brodribb River", "postcode": "3888", "full_name": "Brodribb River, Victoria, Australia", "location_id": "", "priority": 0, "region": "East Gippsland" },
{ "label": "Brookville", "postcode": "3896", "full_name": "Brookville, Victoria, Australia", "location_id": "", "priority": 0, "region": "East Gippsland" },
{ "label": "Brumby", "postcode": "3885", "full_name": "Brumby, Victoria, Australia", "location_id": "", "priority": 0, "region": "East Gippsland" },
{ "label": "Bruthen", "postcode": "3885", "full_name": "Bruthen, Victoria, Australia", "location_id": "", "priority": 0, "region": "East Gippsland" },
{ "label": "Buchan South", "postcode": "3885", "full_name": "Buchan South, Victoria, Australia", "location_id": "", "priority": 0, "region": "East Gippsland" },
{ "label": "Budgee Budgee", "postcode": "3862", "full_name": "Budgee Budgee, Victoria, Australia", "location_id": "", "priority": 0, "region": "Wellington" },
{ "label": "Budgeree", "postcode": "3870", "full_name": "Budgeree, Victoria, Australia", "location_id": "", "priority": 0, "region": "Latrobe Valley" },
{ "label": "Buffalo", "postcode": "3958", "full_name": "Buffalo, Victoria, Australia", "location_id": "", "priority": 0, "region": "Bass Coast" },
{ "label": "Buldah", "postcode": "3890", "full_name": "Buldah, Victoria, Australia", "location_id": "", "priority": 0, "region": "East Gippsland" },
{ "label": "Bullumwaal", "postcode": "3875", "full_name": "Bullumwaal, Victoria, Australia", "location_id": "", "priority": 0, "region": "East Gippsland" },
{ "label": "Buln Buln", "postcode": "3821", "full_name": "Buln Buln, Victoria, Australia", "location_id": "", "priority": 0, "region": "Baw Baw" },
{ "label": "Buln Buln East", "postcode": "3821", "full_name": "Buln Buln East, Victoria, Australia", "location_id": "", "priority": 0, "region": "Baw Baw" },
{ "label": "Bumberrah", "postcode": "3902", "full_name": "Bumberrah, Victoria, Australia", "location_id": "", "priority": 0, "region": "East Gippsland" },
{ "label": "Bundalaguah", "postcode": "3851", "full_name": "Bundalaguah, Victoria, Australia", "location_id": "", "priority": 0, "region": "Wellington" },
{ "label": "Bundara", "postcode": "3898", "full_name": "Bundara, Victoria, Australia", "location_id": "", "priority": 0, "region": "East Gippsland" },
{ "label": "Buragwonduc", "postcode": "3858", "full_name": "Buragwonduc, Victoria, Australia", "location_id": "", "priority": 0, "region": "Wellington" },
{ "label": "Bushy Park", "postcode": "3860", "full_name": "Bushy Park, Victoria, Australia", "location_id": "", "priority": 0, "region": "Wellington" },
{ "label": "Butchers Ridge", "postcode": "3885", "full_name": "Butchers Ridge, Victoria, Australia", "location_id": "", "priority": 0, "region": "East Gippsland" },
{ "label": "Cabbage Tree Creek", "postcode": "3889", "full_name": "Cabbage Tree Creek, Victoria, Australia", "location_id": "", "priority": 0, "region": "East Gippsland" },
{ "label": "Callignee", "postcode": "3844", "full_name": "Callignee, Victoria, Australia", "location_id": "", "priority": 0, "region": "Latrobe Valley" },
{ "label": "Callignee North", "postcode": "3844", "full_name": "Callignee North, Victoria, Australia", "location_id": "", "priority": 0, "region": "Latrobe Valley" },
{ "label": "Callignee South", "postcode": "3844", "full_name": "Callignee South, Victoria, Australia", "location_id": "", "priority": 0, "region": "Latrobe Valley" },
{ "label": "Calrossie", "postcode": "3971", "full_name": "Calrossie, Victoria, Australia", "location_id": "", "priority": 0, "region": "Wellington" },
{ "label": "Calulu", "postcode": "3875", "full_name": "Calulu, Victoria, Australia", "location_id": "", "priority": 0, "region": "East Gippsland" },
{ "label": "Cann River", "postcode": "3890", "full_name": "Cann River, Victoria, Australia", "location_id": "", "priority": 0, "region": "East Gippsland" },
{ "label": "Cape Conran", "postcode": "3888", "full_name": "Cape Conran, Victoria, Australia", "location_id": "", "priority": 0, "region": "East Gippsland" },
{ "label": "Caringal", "postcode": "3825", "full_name": "Caringal, Victoria, Australia", "location_id": "", "priority": 0, "region": "Baw Baw" },
{ "label": "Carrajung", "postcode": "3844", "full_name": "Carrajung, Victoria, Australia", "location_id": "", "priority": 0, "region": "Wellington" },
{ "label": "Carrajung Lower", "postcode": "3844", "full_name": "Carrajung Lower, Victoria, Australia", "location_id": "", "priority": 0, "region": "Wellington" },
{ "label": "Carrajung South", "postcode": "3844", "full_name": "Carrajung South, Victoria, Australia", "location_id": "", "priority": 0, "region": "Wellington" },
{ "label": "Cassilis", "postcode": "3898", "full_name": "Cassilis, Victoria, Australia", "location_id": "", "priority": 0, "region": "East Gippsland" },
{ "label": "Chandlers Creek", "postcode": "3890", "full_name": "Chandlers Creek, Victoria, Australia", "location_id": "", "priority": 0, "region": "East Gippsland" },
{ "label": "Childers", "postcode": "3824", "full_name": "Childers, Victoria, Australia", "location_id": "", "priority": 0, "region": "Baw Baw" },
{ "label": "Churchill", "postcode": "3842", "full_name": "Churchill, Victoria, Australia", "location_id": "", "priority": 0, "region": "Latrobe Valley" },
{ "label": "Clifton Creek", "postcode": "3875", "full_name": "Clifton Creek, Victoria, Australia", "location_id": "", "priority": 0, "region": "East Gippsland" },
{ "label": "Cloverlea", "postcode": "3822", "full_name": "Cloverlea, Victoria, Australia", "location_id": "", "priority": 0, "region": "Baw Baw" },
{ "label": "Club Terrace", "postcode": "3889", "full_name": "Club Terrace, Victoria, Australia", "location_id": "", "priority": 0, "region": "East Gippsland" },
{ "label": "Clydebank", "postcode": "3851", "full_name": "Clydebank, Victoria, Australia", "location_id": "", "priority": 0, "region": "Wellington" },
{ "label": "Coalville", "postcode": "3825", "full_name": "Coalville, Victoria, Australia", "location_id": "", "priority": 0, "region": "Baw Baw" },
{ "label": "Cobains", "postcode": "3851", "full_name": "Cobains, Victoria, Australia", "location_id": "", "priority": 0, "region": "Wellington" },
{ "label": "Cobbannah", "postcode": "3862", "full_name": "Cobbannah, Victoria, Australia", "location_id": "", "priority": 0, "region": "East Gippsland" },
{ "label": "Cobberas", "postcode": "3900", "full_name": "Cobberas, Victoria, Australia", "location_id": "", "priority": 0, "region": "East Gippsland" },
{ "label": "Cobungra", "postcode": "3898", "full_name": "Cobungra, Victoria, Australia", "location_id": "", "priority": 0, "region": "East Gippsland" },
{ "label": "Combienbar", "postcode": "3889", "full_name": "Combienbar, Victoria, Australia", "location_id": "", "priority": 0, "region": "East Gippsland" },
{ "label": "Coongulla", "postcode": "3860", "full_name": "Coongulla, Victoria, Australia", "location_id": "", "priority": 0, "region": "Wellington" },
{ "label": "Coopers Creek", "postcode": "3825", "full_name": "Coopers Creek, Victoria, Australia", "location_id": "", "priority": 0, "region": "Baw Baw" },
{ "label": "Corringle", "postcode": "3888", "full_name": "Corringle, Victoria, Australia", "location_id": "", "priority": 0, "region": "East Gippsland" },
{ "label": "Cowa", "postcode": "3862", "full_name": "Cowa, Victoria, Australia", "location_id": "", "priority": 0, "region": "Wellington" },
{ "label": "Cowes", "postcode": "3922", "full_name": "Cowes, Victoria, Australia", "location_id": "", "priority": 0, "region": "Bass Coast" },
{ "label": "Cowwarr", "postcode": "3857", "full_name": "Cowwarr, Victoria, Australia", "location_id": "", "priority": 0, "region": "Wellington" },
{ "label": "Crookayan", "postcode": "3858", "full_name": "Crookayan, Victoria, Australia", "location_id": "", "priority": 0, "region": "Wellington" },
{ "label": "Crooked River", "postcode": "3862", "full_name": "Crooked River, Victoria, Australia", "location_id": "", "priority": 0, "region": "Wellington" },
{ "label": "Crossover", "postcode": "3821", "full_name": "Crossover, Victoria, Australia", "location_id": "", "priority": 0, "region": "Baw Baw" },
{ "label": "Dargo", "postcode": "3862", "full_name": "Dargo, Victoria, Australia", "location_id": "", "priority": 0, "region": "Wellington" },
{ "label": "Darlimurla", "postcode": "3871", "full_name": "Darlimurla, Victoria, Australia", "location_id": "", "priority": 0, "region": "Bass Coast" },
{ "label": "Darnum", "postcode": "3822", "full_name": "Darnum, Victoria, Australia", "location_id": "", "priority": 0, "region": "Baw Baw" },
{ "label": "Darriman", "postcode": "3851", "full_name": "Darriman, Victoria, Australia", "location_id": "", "priority": 0, "region": "Wellington" },
{ "label": "Dawson", "postcode": "", "full_name": "Dawson, Victoria, Australia", "location_id": "", "priority": 0, "region": "Wellington" },
{ "label": "Deddick Valley", "postcode": "", "full_name": "Deddick Valley, Victoria, Australia", "location_id": "", "priority": 0, "region": "East Gippsland" },
{ "label": "Delburn", "postcode": "", "full_name": "Delburn, Victoria, Australia", "location_id": "", "priority": 0, "region": "Bass Coast" },
{ "label": "Delegate River", "postcode": "", "full_name": "Delegate River, Victoria, Australia", "location_id": "", "priority": 0, "region": "East Gippsland" },
{ "label": "Denison", "postcode": "3858", "full_name": "Denison, Victoria, Australia", "location_id": "", "priority": 0, "region": "Wellington" },
{ "label": "Deptford", "postcode": "3875", "full_name": "Deptford, Victoria, Australia", "location_id": "", "priority": 0, "region": "East Gippsland" },
{ "label": "Devon North", "postcode": "", "full_name": "Devon North, Victoria, Australia", "location_id": "", "priority": 0, "region": "Wellington" },
{ "label": "Doctors Flat", "postcode": "", "full_name": "Doctors Flat, Victoria, Australia", "location_id": "", "priority": 0, "region": "East Gippsland" },
{ "label": "Dollar", "postcode": "", "full_name": "Dollar, Victoria, Australia", "location_id": "", "priority": 0, "region": "Bass Coast" },
{ "label": "Double Bridges", "postcode": "", "full_name": "Double Bridges, Victoria, Australia", "location_id": "", "priority": 0, "region": "East Gippsland" },
{ "label": "Driffield", "postcode": "", "full_name": "Driffield, Victoria, Australia", "location_id": "", "priority": 0, "region": "Latrobe Valley" },
{ "label": "Drouin East", "postcode": "3818", "full_name": "Drouin East, Victoria, Australia", "location_id": "", "priority": 0, "region": "Baw Baw" },
{ "label": "Drouin South", "postcode": "3818", "full_name": "Drouin South, Victoria, Australia", "location_id": "", "priority": 0, "region": "Baw Baw" },
{ "label": "Drouin West", "postcode": "3818", "full_name": "Drouin West, Victoria, Australia", "location_id": "", "priority": 0, "region": "Baw Baw" },
{ "label": "Dumbalk", "postcode": "3956", "full_name": "Dumbalk, Victoria, Australia", "location_id": "", "priority": 0, "region": "Bass Coast" },
{ "label": "Dumbalk North", "postcode": "3956", "full_name": "Dumbalk North, Victoria, Australia", "location_id": "", "priority": 0, "region": "Bass Coast" },
{ "label": "Dutson", "postcode": "3851", "full_name": "Dutson, Victoria, Australia", "location_id": "", "priority": 0, "region": "Wellington" },
{ "label": "Dutson Downs", "postcode": "3851", "full_name": "Dutson Downs, Victoria, Australia", "location_id": "", "priority": 0, "region": "Wellington" },
{ "label": "Eagle Point", "postcode": "3878", "full_name": "Eagle Point, Victoria, Australia", "location_id": "", "priority": 0, "region": "East Gippsland" },
{ "label": "East Bairnsdale", "postcode": "3875", "full_name": "East Bairnsdale, Victoria, Australia", "location_id": "", "priority": 0, "region": "East Gippsland" },
{ "label": "East Sale", "postcode": "3852", "full_name": "East Sale, Victoria, Australia", "location_id": "", "priority": 0, "region": "Wellington" },
{ "label": "Eastwood", "postcode": "3875", "full_name": "Eastwood, Victoria, Australia", "location_id": "", "priority": 0, "region": "East Gippsland" },
{ "label": "Ellaswood", "postcode": "", "full_name": "Ellaswood, Victoria, Australia", "location_id": "", "priority": 0, "region": "East Gippsland" },
{ "label": "Ellinbank", "postcode": "", "full_name": "Ellinbank, Victoria, Australia", "location_id": "", "priority": 0, "region": "Baw Baw" },
{ "label": "Ensay", "postcode": "", "full_name": "Ensay, Victoria, Australia", "location_id": "", "priority": 0, "region": "East Gippsland" },
{ "label": "Ensay North", "postcode": "", "full_name": "Ensay North, Victoria, Australia", "location_id": "", "priority": 0, "region": "East Gippsland" },
{ "label": "Erica", "postcode": "", "full_name": "Erica, Victoria, Australia", "location_id": "", "priority": 0, "region": "Baw Baw" },
{ "label": "Errinundra", "postcode": "", "full_name": "Errinundra, Victoria, Australia", "location_id": "", "priority": 0, "region": "East Gippsland" },
{ "label": "Fairbank", "postcode": "", "full_name": "Fairbank, Victoria, Australia", "location_id": "", "priority": 0, "region": "Bass Coast" },
{ "label": "Fairy Dell", "postcode": "", "full_name": "Fairy Dell, Victoria, Australia", "location_id": "", "priority": 0, "region": "East Gippsland" },
{ "label": "Fernbank", "postcode": "", "full_name": "Fernbank, Victoria, Australia", "location_id": "", "priority": 0, "region": "East Gippsland" },
{ "label": "Ferndale", "postcode": "", "full_name": "Ferndale, Victoria, Australia", "location_id": "", "priority": 0, "region": "Baw Baw" },
{ "label": "Flaggy Creek", "postcode": "", "full_name": "Flaggy Creek, Victoria, Australia", "location_id": "", "priority": 0, "region": "East Gippsland" },
{ "label": "Flamingo Beach", "postcode": "", "full_name": "Flamingo Beach, Victoria, Australia", "location_id": "", "priority": 0, "region": "Wellington" },
{ "label": "Flynn", "postcode": "", "full_name": "Flynn, Victoria, Australia", "location_id": "", "priority": 0, "region": "Wellington" },
{ "label": "Flynns Creek", "postcode": "", "full_name": "Flynns Creek, Victoria, Australia", "location_id": "", "priority": 0, "region": "Wellington" },
{ "label": "Forge Creek", "postcode": "", "full_name": "Forge Creek, Victoria, Australia", "location_id": "", "priority": 0, "region": "East Gippsland" },
{ "label": "Foster", "postcode": "3960", "full_name": "Foster, Victoria, Australia", "location_id": "9391619", "priority": 0, "region": "Bass Coast" },
{ "label": "Foster North", "postcode": "", "full_name": "Foster North, Victoria, Australia", "location_id": "", "priority": 0, "region": "Bass Coast" },
{ "label": "Fulham", "postcode": "", "full_name": "Fulham, Victoria, Australia", "location_id": "", "priority": 0, "region": "Wellington" },
{ "label": "Fumina", "postcode": "", "full_name": "Fumina, Victoria, Australia", "location_id": "", "priority": 0, "region": "Baw Baw" },
{ "label": "Fumina South", "postcode": "", "full_name": "Fumina South, Victoria, Australia", "location_id": "", "priority": 0, "region": "Baw Baw" },
{ "label": "Gainsborough", "postcode": "", "full_name": "Gainsborough, Victoria, Australia", "location_id": "", "priority": 0, "region": "Baw Baw" },
{ "label": "Gelantipy", "postcode": "", "full_name": "Gelantipy, Victoria, Australia", "location_id": "", "priority": 0, "region": "East Gippsland" },
{ "label": "Gelliondale", "postcode": "", "full_name": "Gelliondale, Victoria, Australia", "location_id": "", "priority": 0, "region": "Bass Coast" },
{ "label": "Genoa", "postcode": "", "full_name": "Genoa, Victoria, Australia", "location_id": "", "priority": 0, "region": "East Gippsland" },
{ "label": "Gentle Annie", "postcode": "", "full_name": "Gentle Annie, Victoria, Australia", "location_id": "", "priority": 0, "region": "Baw Baw" },
{ "label": "Giffard", "postcode": "", "full_name": "Giffard, Victoria, Australia", "location_id": "", "priority": 0, "region": "Wellington" },
{ "label": "Giffard West", "postcode": "", "full_name": "Giffard West, Victoria, Australia", "location_id": "", "priority": 0, "region": "Wellington" },
{ "label": "Gillum", "postcode": "", "full_name": "Gillum, Victoria, Australia", "location_id": "", "priority": 0, "region": "Wellington" },
{ "label": "Gipsy Point", "postcode": "", "full_name": "Gipsy Point, Victoria, Australia", "location_id": "", "priority": 0, "region": "East Gippsland" },
{ "label": "Glen Valley", "postcode": "", "full_name": "Glen Valley, Victoria, Australia", "location_id": "", "priority": 0, "region": "East Gippsland" },
{ "label": "Glen Wills", "postcode": "", "full_name": "Glen Wills, Victoria, Australia", "location_id": "", "priority": 0, "region": "East Gippsland" },
{ "label": "Glenaladale", "postcode": "", "full_name": "Glenaladale, Victoria, Australia", "location_id": "", "priority": 0, "region": "East Gippsland" },
{ "label": "Glenfalloch", "postcode": "3858", "full_name": "Glenfalloch, Victoria, Australia", "location_id": "", "priority": 0, "region": "Wellington" },
{ "label": "Glengarry", "postcode": "3854", "full_name": "Glengarry, Victoria, Australia", "location_id": "", "priority": 0, "region": "Latrobe Valley" },
{ "label": "Glengarry North", "postcode": "", "full_name": "Glengarry North, Victoria, Australia", "location_id": "", "priority": 0, "region": "Latrobe Valley" },
{ "label": "Glengarry West", "postcode": "", "full_name": "Glengarry West, Victoria, Australia", "location_id": "", "priority": 0, "region": "Latrobe Valley" },
{ "label": "Glenmaggie", "postcode": "", "full_name": "Glenmaggie, Victoria, Australia", "location_id": "", "priority": 0, "region": "Wellington" },
{ "label": "Golden Beach", "postcode": "", "full_name": "Golden Beach, Victoria, Australia", "location_id": "", "priority": 0, "region": "Wellington" },
{ "label": "Goon Nure", "postcode": "", "full_name": "Goon Nure, Victoria, Australia", "location_id": "", "priority": 0, "region": "East Gippsland" },
{ "label": "Goongerah", "postcode": "", "full_name": "Goongerah, Victoria, Australia", "location_id": "", "priority": 0, "region": "East Gippsland" },
{ "label": "Gormandale", "postcode": "", "full_name": "Gormandale, Victoria, Australia", "location_id": "", "priority": 0, "region": "Wellington" },
{ "label": "Grand Ridge", "postcode": "", "full_name": "Grand Ridge, Victoria, Australia", "location_id": "", "priority": 0, "region": "Latrobe Valley" },
{ "label": "Granite Rock", "postcode": "", "full_name": "Granite Rock, Victoria, Australia", "location_id": "", "priority": 0, "region": "East Gippsland" },
{ "label": "Gunyah", "postcode": "", "full_name": "Gunyah, Victoria, Australia", "location_id": "", "priority": 0, "region": "Bass Coast" },
{ "label": "Hallora", "postcode": "", "full_name": "Hallora, Victoria, Australia", "location_id": "", "priority": 0, "region": "Baw Baw" },
{ "label": "Hallston", "postcode": "", "full_name": "Hallston, Victoria, Australia", "location_id": "", "priority": 0, "region": "Bass Coast" },
{ "label": "Hawkhurst", "postcode": "", "full_name": "Hawkhurst, Victoria, Australia", "location_id": "", "priority": 0, "region": "Wellington" },
{ "label": "Hazel Park", "postcode": "", "full_name": "Hazel Park, Victoria, Australia", "location_id": "", "priority": 0, "region": "Bass Coast" },
{ "label": "Hazelwood", "postcode": "", "full_name": "Hazelwood, Victoria, Australia", "location_id": "", "priority": 0, "region": "Latrobe Valley" },
{ "label": "Hazelwood North", "postcode": "", "full_name": "Hazelwood North, Victoria, Australia", "location_id": "", "priority": 0, "region": "Latrobe Valley" },
{ "label": "Hazelwood South", "postcode": "", "full_name": "Hazelwood South, Victoria, Australia", "location_id": "", "priority": 0, "region": "Latrobe Valley" },
{ "label": "Heath Hill", "postcode": "", "full_name": "Heath Hill, Victoria, Australia", "location_id": "", "priority": 0, "region": "Baw Baw" },
{ "label": "Hedley", "postcode": "", "full_name": "Hedley, Victoria, Australia", "location_id": "", "priority": 0, "region": "Wellington" },
{ "label": "Hernes Oak", "postcode": "", "full_name": "Hernes Oak, Victoria, Australia", "location_id": "", "priority": 0, "region": "Latrobe Valley" },
{ "label": "Hiamdale", "postcode": "", "full_name": "Hiamdale, Victoria, Australia", "location_id": "", "priority": 0, "region": "Wellington" },
{ "label": "Hiawatha", "postcode": "3971", "full_name": "Hiawatha, Victoria, Australia", "location_id": "", "priority": 0, "region": "Wellington" },
{ "label": "Hill End", "postcode": "3825", "full_name": "Hill End, Victoria, Australia", "location_id": "", "priority": 0, "region": "Baw Baw" },
{ "label": "Hillside", "postcode": "", "full_name": "Hillside, Victoria, Australia", "location_id": "", "priority": 0, "region": "East Gippsland" },
{ "label": "Hinnomunjie", "postcode": "", "full_name": "Hinnomunjie, Victoria, Australia", "location_id": "", "priority": 0, "region": "East Gippsland" },
{ "label": "Hollands Landing", "postcode": "", "full_name": "Hollands Landing, Victoria, Australia", "location_id": "", "priority": 0, "region": "Wellington" },
{ "label": "Howitt Plains", "postcode": "", "full_name": "Howitt Plains, Victoria, Australia", "location_id": "", "priority": 0, "region": "Wellington" },
{ "label": "Hunterston", "postcode": "", "full_name": "Hunterston, Victoria, Australia", "location_id": "", "priority": 0, "region": "Wellington" },
{ "label": "Icy Creek", "postcode": "", "full_name": "Icy Creek, Victoria, Australia", "location_id": "", "priority": 0, "region": "Baw Baw" },
{ "label": "Iguana Creek", "postcode": "", "full_name": "Iguana Creek, Victoria, Australia", "location_id": "", "priority": 0, "region": "East Gippsland" },
{ "label": "Jack River", "postcode": "", "full_name": "Jack River, Victoria, Australia", "location_id": "", "priority": 0, "region": "Wellington" },
{ "label": "Jacob Creek", "postcode": "", "full_name": "Jacob Creek, Victoria, Australia", "location_id": "", "priority": 0, "region": "Baw Baw" },
{ "label": "Jarrahmond", "postcode": "", "full_name": "Jarrahmond, Victoria, Australia", "location_id": "", "priority": 0, "region": "East Gippsland" },
{ "label": "Jeeralang", "postcode": "", "full_name": "Jeeralang, Victoria, Australia", "location_id": "", "priority": 0, "region": "Latrobe Valley" },
{ "label": "Jeeralang Junction", "postcode": "", "full_name": "Jeeralang Junction, Victoria, Australia", "location_id": "", "priority": 0, "region": "Latrobe Valley" },
{ "label": "Jeetho", "postcode": "", "full_name": "Jeetho, Victoria, Australia", "location_id": "", "priority": 0, "region": "Bass Coast" },
{ "label": "Jericho", "postcode": "", "full_name": "Jericho, Victoria, Australia", "location_id": "", "priority": 0, "region": "Baw Baw" },
{ "label": "Jindivick", "postcode": "", "full_name": "Jindivick, Victoria, Australia", "location_id": "", "priority": 0, "region": "Baw Baw" },
{ "label": "Johnsonville", "postcode": "", "full_name": "Johnsonville, Victoria, Australia", "location_id": "", "priority": 0, "region": "East Gippsland" },
{ "label": "Jumbuk", "postcode": "", "full_name": "Jumbuk, Victoria, Australia", "location_id": "", "priority": 0, "region": "Latrobe Valley" },
{ "label": "Jumbunna", "postcode": "", "full_name": "Jumbunna, Victoria, Australia", "location_id": "", "priority": 0, "region": "Bass Coast" },
{ "label": "Kalimna", "postcode": "", "full_name": "Kalimna, Victoria, Australia", "location_id": "", "priority": 0, "region": "East Gippsland" },
{ "label": "Kalimna West", "postcode": "", "full_name": "Kalimna West, Victoria, Australia", "location_id": "", "priority": 0, "region": "East Gippsland" },
{ "label": "Kardella South", "postcode": "", "full_name": "Kardella South, Victoria, Australia", "location_id": "", "priority": 0, "region": "Bass Coast" },
{ "label": "Kilmany", "postcode": "", "full_name": "Kilmany, Victoria, Australia", "location_id": "", "priority": 0, "region": "Wellington" },
{ "label": "Kongwak", "postcode": "", "full_name": "Kongwak, Victoria, Australia", "location_id": "", "priority": 0, "region": "Bass Coast" },
{ "label": "Koornalla", "postcode": "", "full_name": "Koornalla, Victoria, Australia", "location_id": "", "priority": 0, "region": "Latrobe Valley" },
{ "label": "Koorool", "postcode": "", "full_name": "Koorool, Victoria, Australia", "location_id": "", "priority": 0, "region": "Wellington" },
{ "label": "Koorooman", "postcode": "", "full_name": "Koorooman, Victoria, Australia", "location_id": "", "priority": 0, "region": "Bass Coast" },
{ "label": "Korumburra South", "postcode": "", "full_name": "Korumburra South, Victoria, Australia", "location_id": "", "priority": 0, "region": "Bass Coast, South Gippsland" },
{ "label": "Krowera", "postcode": "", "full_name": "Krowera, Victoria, Australia", "location_id": "", "priority": 0, "region": "Bass Coast" },
{ "label": "Labertouche", "postcode": "", "full_name": "Labertouche, Victoria, Australia", "location_id": "", "priority": 0, "region": "Baw Baw" },
{ "label": "Lake Bunga", "postcode": "", "full_name": "Lake Bunga, Victoria, Australia", "location_id": "", "priority": 0, "region": "East Gippsland" },
{ "label": "Lake Tyers", "postcode": "", "full_name": "Lake Tyers, Victoria, Australia", "location_id": "", "priority": 0, "region": "East Gippsland" },
{ "label": "Lake Tyers Beach", "postcode": "", "full_name": "Lake Tyers Beach, Victoria, Australia", "location_id": "", "priority": 0, "region": "East Gippsland" },
{ "label": "Langsborough", "postcode": "", "full_name": "Langsborough, Victoria, Australia", "location_id": "", "priority": 0, "region": "Wellington" },
{ "label": "Lardner", "postcode": "", "full_name": "Lardner, Victoria, Australia", "location_id": "", "priority": 0, "region": "Baw Baw" },
{ "label": "Leongatha North", "postcode": "", "full_name": "Leongatha North, Victoria, Australia", "location_id": "", "priority": 0, "region": "Bass Coast" },
{ "label": "Leongatha South", "postcode": "", "full_name": "Leongatha South, Victoria, Australia", "location_id": "", "priority": 0, "region": "Bass Coast" },
{ "label": "Licola", "postcode": "", "full_name": "Licola, Victoria, Australia", "location_id": "", "priority": 0, "region": "Wellington" },
{ "label": "Licola North", "postcode": "", "full_name": "Licola North, Victoria, Australia", "location_id": "", "priority": 0, "region": "Wellington" },
{ "label": "Lillico", "postcode": "", "full_name": "Lillico, Victoria, Australia", "location_id": "", "priority": 0, "region": "Baw Baw" },
{ "label": "Lindenow", "postcode": "", "full_name": "Lindenow, Victoria, Australia", "location_id": "", "priority": 0, "region": "East Gippsland" },
{ "label": "Lindenow South", "postcode": "", "full_name": "Lindenow South, Victoria, Australia", "location_id": "", "priority": 0, "region": "East Gippsland" },
{ "label": "Llowalong", "postcode": "", "full_name": "Llowalong, Victoria, Australia", "location_id": "", "priority": 0, "region": "Wellington" },
{ "label": "Loch", "postcode": "", "full_name": "Loch, Victoria, Australia", "location_id": "", "priority": 0, "region": "Bass Coast" },
{ "label": "Loch Sport", "postcode": "", "full_name": "Loch Sport, Victoria, Australia", "location_id": "", "priority": 0, "region": "Wellington" },
{ "label": "Loch Valley", "postcode": "", "full_name": "Loch Valley, Victoria, Australia", "location_id": "", "priority": 0, "region": "Baw Baw" },
{ "label": "Longford", "postcode": "", "full_name": "Longford, Victoria, Australia", "location_id": "", "priority": 0, "region": "Wellington" },
{ "label": "Longwarry North", "postcode": "", "full_name": "Longwarry North, Victoria, Australia", "location_id": "", "priority": 0, "region": "Baw Baw" },
{ "label": "Loy Yang", "postcode": "", "full_name": "Loy Yang, Victoria, Australia", "location_id": "", "priority": 0, "region": "Latrobe Valley" },
{ "label": "Lucknow", "postcode": "", "full_name": "Lucknow, Victoria, Australia", "location_id": "", "priority": 0, "region": "East Gippsland" },
{ "label": "Macks Creek", "postcode": "", "full_name": "Macks Creek, Victoria, Australia", "location_id": "", "priority": 0, "region": "Wellington" },
{ "label": "Madalya", "postcode": "", "full_name": "Madalya, Victoria, Australia", "location_id": "", "priority": 0, "region": "Wellington" },
{ "label": "Maffra West Upper", "postcode": "", "full_name": "Maffra West Upper, Victoria, Australia", "location_id": "", "priority": 0, "region": "Wellington" },
{ "label": "Mallacoota", "postcode": "", "full_name": "Mallacoota, Victoria, Australia", "location_id": "", "priority": 0, "region": "East Gippsland" },
{ "label": "Manns Beach", "postcode": "", "full_name": "Manns Beach, Victoria, Australia", "location_id": "", "priority": 0, "region": "Wellington" },
{ "label": "Manorina", "postcode": "", "full_name": "Manorina, Victoria, Australia", "location_id": "", "priority": 0, "region": "East Gippsland" },
{ "label": "Maramingo Creek", "postcode": "", "full_name": "Maramingo Creek, Victoria, Australia", "location_id": "", "priority": 0, "region": "East Gippsland" },
{ "label": "Mardan", "postcode": "", "full_name": "Mardan, Victoria, Australia", "location_id": "", "priority": 0, "region": "Bass Coast" },
{ "label": "Marlo", "postcode": "", "full_name": "Marlo, Victoria, Australia", "location_id": "", "priority": 0, "region": "East Gippsland" },
{ "label": "Marthavale", "postcode": "", "full_name": "Marthavale, Victoria, Australia", "location_id": "", "priority": 0, "region": "East Gippsland" },
{ "label": "Maryvale", "postcode": "", "full_name": "Maryvale, Victoria, Australia", "location_id": "", "priority": 0, "region": "Latrobe Valley" },
{ "label": "McLoughlins Beach", "postcode": "", "full_name": "McLoughlins Beach, Victoria, Australia", "location_id": "", "priority": 0, "region": "Wellington" },
{ "label": "Meerlieu", "postcode": "", "full_name": "Meerlieu, Victoria, Australia", "location_id": "", "priority": 0, "region": "Wellington" },
{ "label": "Melwood", "postcode": "", "full_name": "Melwood, Victoria, Australia", "location_id": "", "priority": 0, "region": "East Gippsland" },
{ "label": "Merrijig", "postcode": "", "full_name": "Merrijig, Victoria, Australia", "location_id": "", "priority": 0, "region": "East Gippsland" },
{ "label": "Metung", "postcode": "", "full_name": "Metung, Victoria, Australia", "location_id": "", "priority": 0, "region": "East Gippsland" },
{ "label": "Middle Tarwin", "postcode": "", "full_name": "Middle Tarwin, Victoria, Australia", "location_id": "", "priority": 0, "region": "Bass Coast" },
{ "label": "Miowera", "postcode": "", "full_name": "Miowera, Victoria, Australia", "location_id": "", "priority": 0, "region": "Wellington" },
{ "label": "Mirboo", "postcode": "3871", "full_name": "Mirboo, Victoria, Australia", "location_id": "", "priority": 0, "region": "Bass Coast" },
{ "label": "Modella", "postcode": "", "full_name": "Modella, Victoria, Australia", "location_id": "", "priority": 0, "region": "Baw Baw" },
{ "label": "Moe South", "postcode": "", "full_name": "Moe South, Victoria, Australia", "location_id": "", "priority": 0, "region": "Latrobe Valley" },
{ "label": "Monomak", "postcode": "", "full_name": "Monomak, Victoria, Australia", "location_id": "", "priority": 0, "region": "Wellington" },
{ "label": "Montgomery", "postcode": "", "full_name": "Montgomery, Victoria, Australia", "location_id": "", "priority": 0, "region": "Wellington" },
{ "label": "Moondarra", "postcode": "", "full_name": "Moondarra, Victoria, Australia", "location_id": "", "priority": 0, "region": "Latrobe Valley" },
{ "label": "Moornapa", "postcode": "", "full_name": "Moornapa, Victoria, Australia", "location_id": "", "priority": 0, "region": "Wellington" },
{ "label": "Moroka", "postcode": "", "full_name": "Moroka, Victoria, Australia", "location_id": "", "priority": 0, "region": "Wellington" },
{ "label": "Mossiface", "postcode": "", "full_name": "Mossiface, Victoria, Australia", "location_id": "", "priority": 0, "region": "East Gippsland" },
{ "label": "Mount Best", "postcode": "", "full_name": "Mount Best, Victoria, Australia", "location_id": "", "priority": 0, "region": "Bass Coast" },
{ "label": "Mount Eccles", "postcode": "", "full_name": "Mount Eccles, Victoria, Australia", "location_id": "", "priority": 0, "region": "Bass Coast" },
{ "label": "Mount Eccles South", "postcode": "", "full_name": "Mount Eccles South, Victoria, Australia", "location_id": "", "priority": 0, "region": "Bass Coast" },
{ "label": "Mount Tassie", "postcode": "", "full_name": "Mount Tassie, Victoria, Australia", "location_id": "", "priority": 0, "region": "Latrobe Valley" },
{ "label": "Mount Taylor", "postcode": "", "full_name": "Mount Taylor, Victoria, Australia", "location_id": "", "priority": 0, "region": "East Gippsland" },
{ "label": "Mountain View", "postcode": "", "full_name": "Mountain View, Victoria, Australia", "location_id": "", "priority": 0, "region": "Baw Baw" },
{ "label": "Moyarra", "postcode": "", "full_name": "Moyarra, Victoria, Australia", "location_id": "", "priority": 0, "region": "Bass Coast" },
{ "label": "Munro", "postcode": "", "full_name": "Munro, Victoria, Australia", "location_id": "", "priority": 0, "region": "Wellington" },
{ "label": "Murrindal", "postcode": "", "full_name": "Murrindal, Victoria, Australia", "location_id": "", "priority": 0, "region": "East Gippsland" },
{ "label": "Myrtlebank", "postcode": "", "full_name": "Myrtlebank, Victoria, Australia", "location_id": "", "priority": 0, "region": "Wellington" },
{ "label": "Nambrok", "postcode": "", "full_name": "Nambrok, Victoria, Australia", "location_id": "", "priority": 0, "region": "Wellington" },
{ "label": "Nap Nap Marra", "postcode": "", "full_name": "Nap Nap Marra, Victoria, Australia", "location_id": "", "priority": 0, "region": "Wellington" },
{ "label": "Nariel Valley", "postcode": "", "full_name": "Nariel Valley, Victoria, Australia", "location_id": "", "priority": 0, "region": "East Gippsland" },
{ "label": "Narracan", "postcode": "", "full_name": "Narracan, Victoria, Australia", "location_id": "", "priority": 0, "region": "Baw Baw" },
{ "label": "Nayook", "postcode": "", "full_name": "Nayook, Victoria, Australia", "location_id": "", "priority": 0, "region": "Baw Baw" },
{ "label": "Neerim", "postcode": "", "full_name": "Neerim, Victoria, Australia", "location_id": "", "priority": 0, "region": "Baw Baw" },
{ "label": "Neerim East", "postcode": "", "full_name": "Neerim East, Victoria, Australia", "location_id": "", "priority": 0, "region": "Baw Baw" },
{ "label": "Neerim Junction", "postcode": "", "full_name": "Neerim Junction, Victoria, Australia", "location_id": "", "priority": 0, "region": "Baw Baw" },
{ "label": "Neerim North", "postcode": "", "full_name": "Neerim North, Victoria, Australia", "location_id": "", "priority": 0, "region": "Baw Baw" },
{ "label": "Neerim South", "postcode": "", "full_name": "Neerim South, Victoria, Australia", "location_id": "", "priority": 0, "region": "Baw Baw" },
{ "label": "Nelse", "postcode": "", "full_name": "Nelse, Victoria, Australia", "location_id": "", "priority": 0, "region": "East Gippsland" },
{ "label": "Nerrena", "postcode": "", "full_name": "Nerrena, Victoria, Australia", "location_id": "", "priority": 0, "region": "Bass Coast" },
{ "label": "Newlands Arm", "postcode": "", "full_name": "Newlands Arm, Victoria, Australia", "location_id": "", "priority": 0, "region": "East Gippsland" },
{ "label": "Newmerella", "postcode": "", "full_name": "Newmerella, Victoria, Australia", "location_id": "", "priority": 0, "region": "East Gippsland" },
{ "label": "Newry", "postcode": "", "full_name": "Newry, Victoria, Australia", "location_id": "", "priority": 0, "region": "Wellington" },
{ "label": "Nicholson", "postcode": "", "full_name": "Nicholson, Victoria, Australia", "location_id": "", "priority": 0, "region": "East Gippsland" },
{ "label": "Nilma", "postcode": "", "full_name": "Nilma, Victoria, Australia", "location_id": "", "priority": 0, "region": "Baw Baw" },
{ "label": "Nilma North", "postcode": "", "full_name": "Nilma North, Victoria, Australia", "location_id": "", "priority": 0, "region": "Baw Baw" },
{ "label": "Noojee", "postcode": "", "full_name": "Noojee, Victoria, Australia", "location_id": "", "priority": 0, "region": "Baw Baw" },
{ "label": "Noorinbee", "postcode": "", "full_name": "Noorinbee, Victoria, Australia", "location_id": "", "priority": 0, "region": "East Gippsland" },
{ "label": "Noorinbee North", "postcode": "", "full_name": "Noorinbee North, Victoria, Australia", "location_id": "", "priority": 0, "region": "East Gippsland" },
{ "label": "Nowa Nowa", "postcode": "", "full_name": "Nowa Nowa, Victoria, Australia", "location_id": "", "priority": 0, "region": "East Gippsland" },
{ "label": "Nungurner", "postcode": "", "full_name": "Nungurner, Victoria, Australia", "location_id": "", "priority": 0, "region": "East Gippsland" },
{ "label": "Nunniong", "postcode": "", "full_name": "Nunniong, Victoria, Australia", "location_id": "", "priority": 0, "region": "East Gippsland" },
{ "label": "Nurran", "postcode": "", "full_name": "Nurran, Victoria, Australia", "location_id": "", "priority": 0, "region": "East Gippsland" },
{ "label": "Nyerimilang", "postcode": "", "full_name": "Nyerimilang, Victoria, Australia", "location_id": "", "priority": 0, "region": "East Gippsland" },
{ "label": "Nyora", "postcode": "", "full_name": "Nyora, Victoria, Australia", "location_id": "", "priority": 0, "region": "Bass Coast" },
{ "label": "Ocean Grange", "postcode": "", "full_name": "Ocean Grange, Victoria, Australia", "location_id": "", "priority": 0, "region": "East Gippsland" },
{ "label": "Omeo Valley", "postcode": "", "full_name": "Omeo Valley, Victoria, Australia", "location_id": "", "priority": 0, "region": "East Gippsland" },
{ "label": "Orbost", "postcode": "", "full_name": "Orbost, Victoria, Australia", "location_id": "", "priority": 0, "region": "East Gippsland" },
{ "label": "Outtrim", "postcode": "", "full_name": "Outtrim, Victoria, Australia", "location_id": "", "priority": 0, "region": "Bass Coast" },
{ "label": "Paradise Beach", "postcode": "", "full_name": "Paradise Beach, Victoria, Australia", "location_id": "", "priority": 0, "region": "Wellington" },
{ "label": "Pearsondale", "postcode": "", "full_name": "Pearsondale, Victoria, Australia", "location_id": "", "priority": 0, "region": "Wellington" },
{ "label": "Perry Bridge", "postcode": "", "full_name": "Perry Bridge, Victoria, Australia", "location_id": "", "priority": 0, "region": "Wellington" },
{ "label": "Phillip Island", "postcode": "", "full_name": "Phillip Island, Victoria, Australia", "location_id": "", "priority": 0, "region": "Bass Coast" },
{ "label": "Piedmont", "postcode": "", "full_name": "Piedmont, Victoria, Australia", "location_id": "", "priority": 0, "region": "Baw Baw" },
{ "label": "Poowong", "postcode": "", "full_name": "Poowong, Victoria, Australia", "location_id": "", "priority": 0, "region": "Bass Coast" },
{ "label": "Poowong East", "postcode": "", "full_name": "Poowong East, Victoria, Australia", "location_id": "", "priority": 0, "region": "Bass Coast" },
{ "label": "Poowong North", "postcode": "", "full_name": "Poowong North, Victoria, Australia", "location_id": "", "priority": 0, "region": "Bass Coast" },
{ "label": "Port Albert", "postcode": "", "full_name": "Port Albert, Victoria, Australia", "location_id": "", "priority": 0, "region": "Wellington" },
{ "label": "Port Franklin", "postcode": "", "full_name": "Port Franklin, Victoria, Australia", "location_id": "", "priority": 0, "region": "Bass Coast" },
{ "label": "Port Welshpool", "postcode": "", "full_name": "Port Welshpool, Victoria, Australia", "location_id": "", "priority": 0, "region": "South Gippsland" },
{ "label": "Ranceby", "postcode": "", "full_name": "Ranceby, Victoria, Australia", "location_id": "", "priority": 0, "region": "South Gippsland" },
{ "label": "Rawson", "postcode": "", "full_name": "Rawson, Victoria, Australia", "location_id": "", "priority": 0, "region": "Baw Baw" },
{ "label": "Raymond Island", "postcode": "", "full_name": "Raymond Island, Victoria, Australia", "location_id": "", "priority": 0, "region": "East Gippsland" },
{ "label": "Reedy Flat", "postcode": "", "full_name": "Reedy Flat, Victoria, Australia", "location_id": "", "priority": 0, "region": "East Gippsland" },
{ "label": "Reynard", "postcode": "", "full_name": "Reynard, Victoria, Australia", "location_id": "", "priority": 0, "region": "Wellington" },
{ "label": "Ripplebrook", "postcode": "", "full_name": "Ripplebrook, Victoria, Australia", "location_id": "", "priority": 0, "region": "Baw Baw" },
{ "label": "Riverslea", "postcode": "", "full_name": "Riverslea, Victoria, Australia", "location_id": "", "priority": 0, "region": "Wellington" },
{ "label": "Robertsons Beach", "postcode": "", "full_name": "Robertsons Beach, Victoria, Australia", "location_id": "", "priority": 0, "region": "Wellington" },
{ "label": "Rokeby", "postcode": "", "full_name": "Rokeby, Victoria, Australia", "location_id": "", "priority": 0, "region": "Baw Baw" },
{ "label": "Ruby", "postcode": "", "full_name": "Ruby, Victoria, Australia", "location_id": "", "priority": 0, "region": "South Gippsland" },
{ "label": "Ryans", "postcode": "", "full_name": "Ryans, Victoria, Australia", "location_id": "", "priority": 0, "region": "Wellington" },
{ "label": "San Remo", "postcode": "3925", "full_name": "San Remo, Victoria, Australia", "location_id": "", "priority": 0, "region": "Bass Coast" },
{ "label": "Sandy Point", "postcode": "", "full_name": "Sandy Point, Victoria, Australia", "location_id": "", "priority": 0, "region": "South Gippsland" },
{ "label": "Sargood", "postcode": "", "full_name": "Sargood, Victoria, Australia", "location_id": "", "priority": 0, "region": "Wellington" },
{ "label": "Sarsfield", "postcode": "", "full_name": "Sarsfield, Victoria, Australia", "location_id": "", "priority": 0, "region": "East Gippsland" },
{ "label": "Seacombe", "postcode": "", "full_name": "Seacombe, Victoria, Australia", "location_id": "", "priority": 0, "region": "Wellington" },
{ "label": "Seaspray", "postcode": "", "full_name": "Seaspray, Victoria, Australia", "location_id": "", "priority": 0, "region": "Wellington" },
{ "label": "Seaton", "postcode": "", "full_name": "Seaton, Victoria, Australia", "location_id": "", "priority": 0, "region": "Wellington" },
{ "label": "Seaview", "postcode": "", "full_name": "Seaview, Victoria, Australia", "location_id": "", "priority": 0, "region": "Baw Baw" },
{ "label": "Shady Creek", "postcode": "", "full_name": "Shady Creek, Victoria, Australia", "location_id": "", "priority": 0, "region": "Baw Baw" },
{ "label": "Simpsons Creek", "postcode": "", "full_name": "Simpsons Creek, Victoria, Australia", "location_id": "", "priority": 0, "region": "East Gippsland" },
{ "label": "Snake Island", "postcode": "", "full_name": "Snake Island, Victoria, Australia", "location_id": "", "priority": 0, "region": "Wellington" },
{ "label": "Staceys Bridge", "postcode": "", "full_name": "Staceys Bridge, Victoria, Australia", "location_id": "", "priority": 0, "region": "Wellington" },
{ "label": "Stirling", "postcode": "", "full_name": "Stirling, Victoria, Australia", "location_id": "", "priority": 0, "region": "East Gippsland" },
{ "label": "Stockdale", "postcode": "", "full_name": "Stockdale, Victoria, Australia", "location_id": "", "priority": 0, "region": "Wellington" },
{ "label": "Stony Creek", "postcode": "", "full_name": "Stony Creek, Victoria, Australia", "location_id": "", "priority": 0, "region": "South Gippsland" },
{ "label": "Stradbroke", "postcode": "", "full_name": "Stradbroke, Victoria, Australia", "location_id": "", "priority": 0, "region": "Wellington" },
{ "label": "Strzelecki", "postcode": "", "full_name": "Strzelecki, Victoria, Australia", "location_id": "", "priority": 0, "region": "South Gippsland" },
{ "label": "Suggan Buggan", "postcode": "", "full_name": "Suggan Buggan, Victoria, Australia", "location_id": "", "priority": 0, "region": "East Gippsland" },
{ "label": "Swan Reach", "postcode": "", "full_name": "Swan Reach, Victoria, Australia", "location_id": "", "priority": 0, "region": "East Gippsland" },
{ "label": "Swifts Creek", "postcode": "", "full_name": "Swifts Creek, Victoria, Australia", "location_id": "", "priority": 0, "region": "East Gippsland" },
{ "label": "Tabberabbera", "postcode": "", "full_name": "Tabberabbera, Victoria, Australia", "location_id": "", "priority": 0, "region": "East Gippsland" },
{ "label": "Tambo Crossing", "postcode": "", "full_name": "Tambo Crossing, Victoria, Australia", "location_id": "", "priority": 0, "region": "East Gippsland" },
{ "label": "Tambo Upper", "postcode": "", "full_name": "Tambo Upper, Victoria, Australia", "location_id": "", "priority": 0, "region": "East Gippsland" },
{ "label": "Tamboon", "postcode": "", "full_name": "Tamboon, Victoria, Australia", "location_id": "", "priority": 0, "region": "East Gippsland" },
{ "label": "Tamboritha", "postcode": "", "full_name": "Tamboritha, Victoria, Australia", "location_id": "", "priority": 0, "region": "Wellington" },
{ "label": "Tanjil", "postcode": "", "full_name": "Tanjil, Victoria, Australia", "location_id": "", "priority": 0, "region": "Baw Baw" },
{ "label": "Tanjil Bren", "postcode": "", "full_name": "Tanjil Bren, Victoria, Australia", "location_id": "", "priority": 0, "region": "Baw Baw" },
{ "label": "Tanjil South", "postcode": "", "full_name": "Tanjil South, Victoria, Australia", "location_id": "", "priority": 0, "region": "Latrobe Valley" },
{ "label": "Tarra Valley", "postcode": "", "full_name": "Tarra Valley, Victoria, Australia", "location_id": "", "priority": 0, "region": "Wellington" },
{ "label": "Tarraville", "postcode": "", "full_name": "Tarraville, Victoria, Australia", "location_id": "", "priority": 0, "region": "Wellington" },
{ "label": "Tarwin", "postcode": "", "full_name": "Tarwin, Victoria, Australia", "location_id": "", "priority": 0, "region": "South Gippsland" },
{ "label": "Tarwin Lower", "postcode": "", "full_name": "Tarwin Lower, Victoria, Australia", "location_id": "", "priority": 0, "region": "South Gippsland" },
{ "label": "Tetoora Road", "postcode": "", "full_name": "Tetoora Road, Victoria, Australia", "location_id": "", "priority": 0, "region": "Baw Baw" },
{ "label": "Thalloo", "postcode": "", "full_name": "Thalloo, Victoria, Australia", "location_id": "", "priority": 0, "region": "Baw Baw" },
{ "label": "The Heart", "postcode": "", "full_name": "The Heart, Victoria, Australia", "location_id": "", "priority": 0, "region": "Wellington" },
{ "label": "The Honeysuckles", "postcode": "", "full_name": "The Honeysuckles, Victoria, Australia", "location_id": "", "priority": 0, "region": "Wellington" },
{ "label": "Thomson", "postcode": "", "full_name": "Thomson, Victoria, Australia", "location_id": "", "priority": 0, "region": "Baw Baw" },
{ "label": "Thorpdale", "postcode": "", "full_name": "Thorpdale, Victoria, Australia", "location_id": "", "priority": 0, "region": "Baw Baw" },
{ "label": "Thorpdale South", "postcode": "", "full_name": "Thorpdale South, Victoria, Australia", "location_id": "", "priority": 0, "region": "Baw Baw" },
{ "label": "Tidal River", "postcode": "", "full_name": "Tidal River, Victoria, Australia", "location_id": "", "priority": 0, "region": "South Gippsland" },
{ "label": "Timbarra", "postcode": "", "full_name": "Timbarra, Victoria, Australia", "location_id": "", "priority": 0, "region": "East Gippsland" },
{ "label": "Tinamba", "postcode": "", "full_name": "Tinamba, Victoria, Australia", "location_id": "", "priority": 0, "region": "Wellington" },
{ "label": "Tinamba West", "postcode": "", "full_name": "Tinamba West, Victoria, Australia", "location_id": "", "priority": 0, "region": "Wellington" },
{ "label": "Tonghi Creek", "postcode": "", "full_name": "Tonghi Creek, Victoria, Australia", "location_id": "", "priority": 0, "region": "East Gippsland" },
{ "label": "Tongio", "postcode": "", "full_name": "Tongio, Victoria, Australia", "location_id": "", "priority": 0, "region": "East Gippsland" },
{ "label": "Toolome", "postcode": "", "full_name": "Toolome, Victoria, Australia", "location_id": "", "priority": 0, "region": "Wellington" },
{ "label": "Toombon", "postcode": "", "full_name": "Toombon, Victoria, Australia", "location_id": "", "priority": 0, "region": "Baw Baw" },
{ "label": "Toongabbie", "postcode": "", "full_name": "Toongabbie, Victoria, Australia", "location_id": "", "priority": 0, "region": "Latrobe Valley" },
{ "label": "Toora", "postcode": "", "full_name": "Toora, Victoria, Australia", "location_id": "", "priority": 0, "region": "South Gippsland" },
{ "label": "Toora North", "postcode": "", "full_name": "Toora North, Victoria, Australia", "location_id": "", "priority": 0, "region": "South Gippsland" },
{ "label": "Toorloo Arm", "postcode": "", "full_name": "Toorloo Arm, Victoria, Australia", "location_id": "", "priority": 0, "region": "East Gippsland" },
{ "label": "Toorongo", "postcode": "", "full_name": "Toorongo, Victoria, Australia", "location_id": "", "priority": 0, "region": "Baw Baw" },
{ "label": "Torwood", "postcode": "", "full_name": "Torwood, Victoria, Australia", "location_id": "", "priority": 0, "region": "South Gippsland" },
{ "label": "Tostaree", "postcode": "", "full_name": "Tostaree, Victoria, Australia", "location_id": "", "priority": 0, "region": "East Gippsland" },
{ "label": "Trafalgar East", "postcode": "", "full_name": "Trafalgar East, Victoria, Australia", "location_id": "", "priority": 0, "region": "Baw Baw" },
{ "label": "Trafalgar South", "postcode": "", "full_name": "Trafalgar South, Victoria, Australia", "location_id": "", "priority": 0, "region": "Baw Baw" },
{ "label": "Traralgon East", "postcode": "", "full_name": "Traralgon East, Victoria, Australia", "location_id": "", "priority": 0, "region": "Latrobe Valley" },
{ "label": "Traralgon South", "postcode": "", "full_name": "Traralgon South, Victoria, Australia", "location_id": "", "priority": 0, "region": "Latrobe Valley" },
{ "label": "Trida", "postcode": "", "full_name": "Trida, Victoria, Australia", "location_id": "", "priority": 0, "region": "South Gippsland" },
{ "label": "Tubbut", "postcode": "", "full_name": "Tubbut, Victoria, Australia", "location_id": "", "priority": 0, "region": "East Gippsland" },
{ "label": "Turtons Creek", "postcode": "", "full_name": "Turtons Creek, Victoria, Australia", "location_id": "", "priority": 0, "region": "South Gippsland" },
{ "label": "Tyers", "postcode": "", "full_name": "Tyers, Victoria, Australia", "location_id": "", "priority": 0, "region": "Latrobe Valley" },
{ "label": "Valencia Creek", "postcode": "", "full_name": "Valencia Creek, Victoria, Australia", "location_id": "", "priority": 0, "region": "Wellington" },
{ "label": "Vesper", "postcode": "", "full_name": "Vesper, Victoria, Australia", "location_id": "", "priority": 0, "region": "Baw Baw" },
{ "label": "W Tree", "postcode": "", "full_name": "W Tree, Victoria, Australia", "location_id": "", "priority": 0, "region": "East Gippsland" },
{ "label": "Wairewa", "postcode": "", "full_name": "Wairewa, Victoria, Australia", "location_id": "", "priority": 0, "region": "East Gippsland" },
{ "label": "Walhalla", "postcode": "", "full_name": "Walhalla, Victoria, Australia", "location_id": "", "priority": 0, "region": "Baw Baw" },
{ "label": "Walhalla East", "postcode": "", "full_name": "Walhalla East, Victoria, Australia", "location_id": "", "priority": 0, "region": "Wellington" },
{ "label": "Walkerville", "postcode": "", "full_name": "Walkerville, Victoria, Australia", "location_id": "", "priority": 0, "region": "South Gippsland" },
{ "label": "Walkerville North", "postcode": "", "full_name": "Walkerville North, Victoria, Australia", "location_id": "", "priority": 0, "region": "South Gippsland" },
{ "label": "Walkerville South", "postcode": "", "full_name": "Walkerville South, Victoria, Australia", "location_id": "", "priority": 0, "region": "South Gippsland" },
{ "label": "Wallagaraugh", "postcode": "", "full_name": "Wallagaraugh, Victoria, Australia", "location_id": "", "priority": 0, "region": "East Gippsland" },
{ "label": "Walpa", "postcode": "", "full_name": "Walpa, Victoria, Australia", "location_id": "", "priority": 0, "region": "East Gippsland" },
{ "label": "Wangarabell", "postcode": "", "full_name": "Wangarabell, Victoria, Australia", "location_id": "", "priority": 0, "region": "East Gippsland" },
{ "label": "Waratah Bay", "postcode": "", "full_name": "Waratah Bay, Victoria, Australia", "location_id": "", "priority": 0, "region": "South Gippsland" },
{ "label": "Warragul South", "postcode": "", "full_name": "Warragul South, Victoria, Australia", "location_id": "", "priority": 0, "region": "Baw Baw" },
{ "label": "Warragul West", "postcode": "", "full_name": "Warragul West, Victoria, Australia", "location_id": "", "priority": 0, "region": "Baw Baw" },
{ "label": "Waterholes", "postcode": "", "full_name": "Waterholes, Victoria, Australia", "location_id": "", "priority": 0, "region": "East Gippsland" },
{ "label": "Waygara", "postcode": "", "full_name": "Waygara, Victoria, Australia", "location_id": "", "priority": 0, "region": "East Gippsland" },
{ "label": "Welshpool", "postcode": "", "full_name": "Welshpool, Victoria, Australia", "location_id": "", "priority": 0, "region": "South Gippsland" },
{ "label": "Wentworth", "postcode": "", "full_name": "Wentworth, Victoria, Australia", "location_id": "", "priority": 0, "region": "East Gippsland" },
{ "label": "Westbury", "postcode": "", "full_name": "Westbury, Victoria, Australia", "location_id": "", "priority": 0, "region": "Baw Baw" },
{ "label": "Whitelaw", "postcode": "", "full_name": "Whitelaw, Victoria, Australia", "location_id": "", "priority": 0, "region": "South Gippsland" },
{ "label": "Wild Dog Valley", "postcode": "", "full_name": "Wild Dog Valley, Victoria, Australia", "location_id": "", "priority": 0, "region": "South Gippsland" },
{ "label": "Willow Grove", "postcode": "", "full_name": "Willow Grove, Victoria, Australia", "location_id": "", "priority": 0, "region": "Baw Baw" },
{ "label": "Willung", "postcode": "", "full_name": "Willung, Victoria, Australia", "location_id": "", "priority": 0, "region": "Wellington" },
{ "label": "Willung South", "postcode": "", "full_name": "Willung South, Victoria, Australia", "location_id": "", "priority": 0, "region": "Wellington" },
{ "label": "Wilsons Promontory", "postcode": "", "full_name": "Wilsons Promontory, Victoria, Australia", "location_id": "", "priority": 0, "region": "South Gippsland" },
{ "label": "Wingan River", "postcode": "", "full_name": "Wingan River, Victoria, Australia", "location_id": "", "priority": 0, "region": "East Gippsland" },
{ "label": "Winnindoo", "postcode": "", "full_name": "Winnindoo, Victoria, Australia", "location_id": "", "priority": 0, "region": "Wellington" },
{ "label": "Wiseleigh", "postcode": "", "full_name": "Wiseleigh, Victoria, Australia", "location_id": "", "priority": 0, "region": "East Gippsland" },
{ "label": "Wombat Creek", "postcode": "3888", "full_name": "Wombat Creek, Victoria, Australia", "location_id": "", "priority": 0, "region": "East Gippsland" },
{ "label": "Won Wron", "postcode": "3971", "full_name": "Won Wron, Victoria, Australia", "location_id": "", "priority": 0, "region": "Wellington" },
{ "label": "Wonga", "postcode": "3960", "full_name": "Wonga, Victoria, Australia", "location_id": "", "priority": 0, "region": "South Gippsland" },
{ "label": "Wongungarra", "postcode": "3862", "full_name": "Wongungarra, Victoria, Australia", "location_id": "", "priority": 0, "region": "Wellington" },
{ "label": "Wonyip", "postcode": "3962", "full_name": "Wonyip, Victoria, Australia", "location_id": "", "priority": 0, "region": "South Gippsland" },
{ "label": "Woodglen", "postcode": "3875", "full_name": "Woodglen, Victoria, Australia", "location_id": "", "priority": 0, "region": "East Gippsland" },
{ "label": "Woodside", "postcode": "3874", "full_name": "Woodside, Victoria, Australia", "location_id": "", "priority": 0, "region": "Wellington" },
{ "label": "Woodside Beach", "postcode": "3874", "full_name": "Woodside Beach, Victoria, Australia", "location_id": "", "priority": 0, "region": "Wellington" },
{ "label": "Woodside North", "postcode": "3874", "full_name": "Woodside North, Victoria, Australia", "location_id": "", "priority": 0, "region": "Wellington" },
{ "label": "Woolenook", "postcode": "3860", "full_name": "Woolenook, Victoria, Australia", "location_id": "", "priority": 0, "region": "Wellington" },
{ "label": "Woorarra East", "postcode": "3962", "full_name": "Woorarra East, Victoria, Australia", "location_id": "", "priority": 0, "region": "Wellington" },
{ "label": "Woorarra West", "postcode": "3960", "full_name": "Woorarra West, Victoria, Australia", "location_id": "", "priority": 0, "region": "South Gippsland" },
{ "label": "Wooreen", "postcode": "3953", "full_name": "Wooreen, Victoria, Australia", "location_id": "", "priority": 0, "region": "South Gippsland" },
{ "label": "Worrowing", "postcode": "3858", "full_name": "Worrowing, Victoria, Australia", "location_id": "", "priority": 0, "region": "Wellington" },
{ "label": "Wrathung", "postcode": "3860", "full_name": "Wrathung, Victoria, Australia", "location_id": "", "priority": 0, "region": "Wellington" },
{ "label": "Wrixon", "postcode": "3860", "full_name": "Wrixon, Victoria, Australia", "location_id": "", "priority": 0, "region": "Wellington" },
{ "label": "Wroxham", "postcode": "3891", "full_name": "Wroxham, Victoria, Australia", "location_id": "", "priority": 0, "region": "East Gippsland" },
{ "label": "Wuk Wuk", "postcode": "3875", "full_name": "Wuk Wuk, Victoria, Australia", "location_id": "", "priority": 0, "region": "East Gippsland" },
{ "label": "Wulgulmerang", "postcode": "3885", "full_name": "Wulgulmerang, Victoria, Australia", "location_id": "", "priority": 0, "region": "East Gippsland" },
{ "label": "Wulgulmerang East", "postcode": "3885", "full_name": "Wulgulmerang East, Victoria, Australia", "location_id": "", "priority": 0, "region": "East Gippsland" },
{ "label": "Wulgulmerang West", "postcode": "3885", "full_name": "Wulgulmerang West, Victoria, Australia", "location_id": "", "priority": 0, "region": "East Gippsland" },
{ "label": "Wurruk", "postcode": "3850", "full_name": "Wurruk, Victoria, Australia", "location_id": "", "priority": 0, "region": "Wellington" },
{ "label": "Wy Yung", "postcode": "3875", "full_name": "Wy Yung, Victoria, Australia", "location_id": "", "priority": 0, "region": "East Gippsland" },
{ "label": "Yallourn", "postcode": "3825", "full_name": "Yallourn, Victoria, Australia", "location_id": "", "priority": 0, "region": "Latrobe Valley" },
{ "label": "Yallourn North", "postcode": "3825", "full_name": "Yallourn North, Victoria, Australia", "location_id": "", "priority": 0, "region": "Latrobe Valley" },
{ "label": "Yalmy", "postcode": "3885", "full_name": "Yalmy, Victoria, Australia", "location_id": "", "priority": 0, "region": "East Gippsland" },
{ "label": "Yanakie", "postcode": "3960", "full_name": "Yanakie, Victoria, Australia", "location_id": "", "priority": 0, "region": "South Gippsland" },
{ "label": "Yangoura", "postcode": "3858", "full_name": "Yangoura, Victoria, Australia", "location_id": "", "priority": 0, "region": "Wellington" },
{ "label": "Yarragon South", "postcode": "3823", "full_name": "Yarragon South, Victoria, Australia", "location_id": "", "priority": 0, "region": "Baw Baw" },
{ "label": "Yinnar", "postcode": "3869", "full_name": "Yinnar, Victoria, Australia", "location_id": "", "priority": 0, "region": "Latrobe Valley" },
{ "label": "Yinnar South", "postcode": "3869", "full_name": "Yinnar South, Victoria, Australia", "location_id": "", "priority": 0, "region": "Latrobe Valley" },
]
